-- phpMyAdmin SQL Dump
-- version 4.9.1
-- https://www.phpmyadmin.net/
--
-- Máy chủ: 127.0.0.1
-- Thời gian đã tạo: Th3 14, 2020 lúc 03:41 PM
-- Phiên bản máy phục vụ: 10.4.8-MariaDB
-- Phiên bản PHP: 7.3.11

SET AUTOCOMMIT = 0;
START TRANSACTION;
SET time_zone = "+00:00";


/*!40101 SET @OLD_CHARACTER_SET_CLIENT=@@CHARACTER_SET_CLIENT */;
/*!40101 SET @OLD_CHARACTER_SET_RESULTS=@@CHARACTER_SET_RESULTS */;
/*!40101 SET @OLD_COLLATION_CONNECTION=@@COLLATION_CONNECTION */;
/*!40101 SET NAMES utf8mb4 */;

--
-- Cơ sở dữ liệu: `hoachattrianh`
--

-- --------------------------------------------------------

--
-- Cấu trúc bảng cho bảng `category`
--

CREATE TABLE `category` (
  `cat_id` int(25) NOT NULL,
  `cat_name` varchar(255) NOT NULL
) ;

--
-- Đang đổ dữ liệu cho bảng `category`
--

INSERT INTO `category` (`cat_id`, `cat_name`) VALUES
(5, 'Dung môi trong sản xuất'),
(1, 'Hóa chất Công nghiệp'),
(10, 'Hóa chất Ngành Diệt nhuộm'),
(4, 'Hóa chất Ngành Giấy'),
(8, 'Hóa chất Ngành In, sơn'),
(6, 'Hóa chất Ngành Khai khoáng'),
(7, 'Hóa chất Ngành Thủy sản'),
(9, 'Hóa chất Ngành Xi mạ'),
(2, 'Hóa chất Nông nghiệp'),
(3, 'Hóa chất Xử lý nước thải'),
(11, 'Phụ gia thực phẩm'),
(12, 'Vi sinh xử lý môi trường');

-- --------------------------------------------------------

--
-- Cấu trúc bảng cho bảng `comment`
--

CREATE TABLE `comment` (
  `comm_id` int(11) NOT NULL,
  `prd_id` int(11) NOT NULL,
  `comm_name` varchar(255) NOT NULL,
  `comm_mail` varchar(255) NOT NULL,
  `comm_date` datetime NOT NULL,
  `comm_details` text NOT NULL
) ;

--
-- Đang đổ dữ liệu cho bảng `comment`
--

INSERT INTO `comment` (`comm_id`, `prd_id`, `comm_name`, `comm_mail`, `comm_date`, `comm_details`) VALUES
(1, 1, 'Nguyễn Văn A', 'nguyenvana@gmail.com', '2018-12-12 20:59:56', 'Đây thực sự là một sản phẩm tuyệt vời'),
(2, 2, 'Nguyễn Văn A', 'nguyenvana@gmail.com', '2018-12-12 20:59:56', 'Đây thực sự là một sản phẩm tuyệt vời'),
(3, 3, 'Nguyễn Văn A', 'nguyenvana@gmail.com', '2018-12-12 20:59:56', 'Đây thực sự là một sản phẩm tuyệt vời'),
(4, 4, 'Nguyễn Văn A', 'nguyenvana@gmail.com', '2018-12-12 20:59:56', 'Đây thực sự là một sản phẩm tuyệt vời'),
(5, 5, 'Nguyễn Văn A', 'nguyenvana@gmail.com', '2018-12-12 20:59:56', 'Đây thực sự là một sản phẩm tuyệt vời'),
(6, 6, 'Nguyễn Văn A', 'nguyenvana@gmail.com', '2018-12-12 20:59:56', 'Đây thực sự là một sản phẩm tuyệt vời'),
(7, 7, 'Nguyễn Văn A', 'nguyenvana@gmail.com', '2018-12-12 20:59:56', 'Đây thực sự là một sản phẩm tuyệt vời'),
(8, 8, 'Nguyễn Văn A', 'nguyenvana@gmail.com', '2018-12-12 20:59:56', 'Đây thực sự là một sản phẩm tuyệt vời'),
(9, 9, 'Nguyễn Văn A', 'nguyenvana@gmail.com', '2018-12-12 20:59:56', 'Đây thực sự là một sản phẩm tuyệt vời'),
(10, 10, 'Nguyễn Văn A', 'nguyenvana@gmail.com', '2018-12-12 20:59:56', 'Đây thực sự là một sản phẩm tuyệt vời'),
(11, 11, 'Nguyễn Văn A', 'nguyenvana@gmail.com', '2018-12-12 20:59:56', 'Đây thực sự là một sản phẩm tuyệt vời'),
(12, 12, 'Nguyễn Văn A', 'nguyenvana@gmail.com', '2018-12-12 20:59:56', 'Đây thực sự là một sản phẩm tuyệt vời'),
(13, 13, 'Nguyễn Văn A', 'nguyenvana@gmail.com', '2018-12-12 20:59:56', 'Đây thực sự là một sản phẩm tuyệt vời');

-- --------------------------------------------------------

--
-- Cấu trúc bảng cho bảng `product`
--

CREATE TABLE `product` (
  `prd_id` int(11) NOT NULL,
  `cat_id` int(11) NOT NULL,
  `prd_name` varchar(255) NOT NULL,
  `prd_image` int(255) NOT NULL,
  `prd_price` int(11) NOT NULL,
  `prd_status` int(1) NOT NULL,
  `prd_featured` int(1) NOT NULL,
  `prd_details` text NOT NULL
) ;

--
-- Đang đổ dữ liệu cho bảng `product`
--

INSERT INTO `product` (`prd_id`, `cat_id`, `prd_name`, `prd_image`, `prd_price`, `prd_status`, `prd_featured`, `prd_details`) VALUES
(1, 1, 'Methyl Ethyl Ketone 6', 0, 1000000, 1, 1, 'Sản phẩm này chúng tôi đang cập nhật nội dung chi tiết, các bạn có thể qua trực tiếp cửa hàng để xem sản phẩm, vì hàng chúng tôi luôn có sẵn.'),
(2, 2, 'Methyl Ethyl Ketone 6', 0, 1000000, 1, 1, 'Sản phẩm này chúng tôi đang cập nhật nội dung chi tiết, các bạn có thể qua trực tiếp cửa hàng để xem sản phẩm, vì hàng chúng tôi luôn có sẵn.'),
(3, 2, 'Methyl Ethyl Ketone 6', 0, 1000000, 0, 1, 'Sản phẩm này chúng tôi đang cập nhật nội dung chi tiết, các bạn có thể qua trực tiếp cửa hàng để xem sản phẩm, vì hàng chúng tôi luôn có sẵn.'),
(4, 3, 'Methyl Ethyl Ketone 6', 0, 1000000, 1, 1, 'Sản phẩm này chúng tôi đang cập nhật nội dung chi tiết, các bạn có thể qua trực tiếp cửa hàng để xem sản phẩm, vì hàng chúng tôi luôn có sẵn.'),
(5, 4, 'Methyl Ethyl Ketone 6', 0, 1000000, 1, 1, 'Sản phẩm này chúng tôi đang cập nhật nội dung chi tiết, các bạn có thể qua trực tiếp cửa hàng để xem sản phẩm, vì hàng chúng tôi luôn có sẵn.'),
(6, 5, 'Methyl Ethyl Ketone 6', 0, 1000000, 1, 1, 'Sản phẩm này chúng tôi đang cập nhật nội dung chi tiết, các bạn có thể qua trực tiếp cửa hàng để xem sản phẩm, vì hàng chúng tôi luôn có sẵn.'),
(7, 6, 'Methyl Ethyl Ketone 6', 0, 1000000, 1, 1, 'Sản phẩm này chúng tôi đang cập nhật nội dung chi tiết, các bạn có thể qua trực tiếp cửa hàng để xem sản phẩm, vì hàng chúng tôi luôn có sẵn.'),
(8, 7, 'Methyl Ethyl Ketone 6', 0, 1000000, 1, 1, 'Sản phẩm này chúng tôi đang cập nhật nội dung chi tiết, các bạn có thể qua trực tiếp cửa hàng để xem sản phẩm, vì hàng chúng tôi luôn có sẵn.'),
(9, 8, 'Methyl Ethyl Ketone 6', 0, 1000000, 1, 1, 'Sản phẩm này chúng tôi đang cập nhật nội dung chi tiết, các bạn có thể qua trực tiếp cửa hàng để xem sản phẩm, vì hàng chúng tôi luôn có sẵn.'),
(10, 9, 'Methyl Ethyl Ketone 6', 0, 1000000, 1, 1, 'Sản phẩm này chúng tôi đang cập nhật nội dung chi tiết, các bạn có thể qua trực tiếp cửa hàng để xem sản phẩm, vì hàng chúng tôi luôn có sẵn.'),
(11, 10, 'Methyl Ethyl Ketone 6', 0, 1000000, 1, 1, 'Sản phẩm này chúng tôi đang cập nhật nội dung chi tiết, các bạn có thể qua trực tiếp cửa hàng để xem sản phẩm, vì hàng chúng tôi luôn có sẵn.'),
(12, 11, 'Methyl Ethyl Ketone 6', 0, 1000000, 1, 1, 'Sản phẩm này chúng tôi đang cập nhật nội dung chi tiết, các bạn có thể qua trực tiếp cửa hàng để xem sản phẩm, vì hàng chúng tôi luôn có sẵn.'),
(13, 12, 'Methyl Ethyl Ketone 6', 0, 1000000, 1, 1, 'Sản phẩm này chúng tôi đang cập nhật nội dung chi tiết, các bạn có thể qua trực tiếp cửa hàng để xem sản phẩm, vì hàng chúng tôi luôn có sẵn.');

-- --------------------------------------------------------

--
-- Cấu trúc bảng cho bảng `user`
--

CREATE TABLE `user` (
  `user_id` int(11) NOT NULL,
  `user_full` varchar(255) NOT NULL,
  `user_mail` varchar(255) NOT NULL,
  `user_pass` varchar(255) NOT NULL,
  `user_level` int(1) NOT NULL
) ;

--
-- Đang đổ dữ liệu cho bảng `user`
--

INSERT INTO `user` (`user_id`, `user_full`, `user_mail`, `user_pass`, `user_level`) VALUES
(1, 'Administrator', 'admin@gmail.com', '123456', 1),
(2, 'Nguyễn Van C', 'nguyenvanc@gmail.com', '123456', 2);

--
-- Chỉ mục cho các bảng đã đổ
--

--
-- Chỉ mục cho bảng `category`
--
ALTER TABLE `category`
  ADD PRIMARY KEY (`cat_id`),
  ADD UNIQUE KEY `cat_name` (`cat_name`);

--
-- Chỉ mục cho bảng `comment`
--
ALTER TABLE `comment`
  ADD PRIMARY KEY (`comm_id`);

--
-- Chỉ mục cho bảng `product`
--
ALTER TABLE `product`
  ADD PRIMARY KEY (`prd_id`);

--
-- Chỉ mục cho bảng `user`
--
ALTER TABLE `user`
  ADD PRIMARY KEY (`user_id`,`user_mail`),
  ADD UNIQUE KEY `user_mail` (`user_mail`);

--
-- AUTO_INCREMENT cho các bảng đã đổ
--

--
-- AUTO_INCREMENT cho bảng `category`
--
ALTER TABLE `category`
  MODIFY `cat_id` int(25) NOT NULL AUTO_INCREMENT;

--
-- AUTO_INCREMENT cho bảng `comment`
--
ALTER TABLE `comment`
  MODIFY `comm_id` int(11) NOT NULL AUTO_INCREMENT;

--
-- AUTO_INCREMENT cho bảng `product`
--
ALTER TABLE `product`
  MODIFY `prd_id` int(11) NOT NULL AUTO_INCREMENT;

--
-- AUTO_INCREMENT cho bảng `user`
--
ALTER TABLE `user`
  MODIFY `user_id` int(11) NOT NULL AUTO_INCREMENT;
COMMIT;

/*!40101 SET CHARACTER_SET_CLIENT=@OLD_CHARACTER_SET_CLIENT */;
/*!40101 SET CHARACTER_SET_RESULTS=@OLD_CHARACTER_SET_RESULTS */;
/*!40101 SET COLLATION_CONNECTION=@OLD_COLLATION_CONNECTION */;
